id,cost
10001,130
10002,130
10003,130
10004,130
10005,130
10006,130
10007,130
10008,130
10009,130
10010,130
10011,130
10012,130
10013,130
10014,130
10015,130
10016,130
10017,130
10018,130
10019,130
10020,130
10021,130
10022,130
10023,130
10024,130
10025,130
10026,130
10027,130
10028,130
10029,130
10030,130
10031,130
10032,130
10033,130
10034,130
10035,130
10036,130
10037,130
10038,130
10039,130
10040,130
10041,130
10042,130
10043,130
10044,130
10045,130
10046,130
10047,130
10048,130
10049,130
10050,130
10051,130
10052,130
10053,130
10054,130
10055,130
10056,130
10057,130
10058,130
10059,130
10060,130
10061,130
10062,130
10063,130
10064,130
10065,130
10066,130
10067,130
10068,130
10069,130
10070,130
10071,130
10072,130
10073,130
10074,130
10075,130
10076,130
10077,130
10078,130
10079,130
10080,130
10081,130
10082,130
10083,130
10084,130
10085,130
10086,130
10087,130
10088,130
10089,130
10090,130
10091,130
10092,130
10093,130
10094,130
10095,130
10096,130
10097,130
10098,130
10099,130
10100,130
10101,130
10102,130
10103,130
10104,130
10105,130
10106,130
10107,130
10108,130
10109,130
10110,130
10111,130
10112,130
10113,130
10114,130
10115,130
10116,130
10117,130
10118,130
10119,130
10120,130
10121,130
10122,130
10123,130
10124,130
10125,130
10126,130
10127,130
10128,130
10129,130
10130,130
10131,130
10132,130
10133,130
10134,130
10135,130
10136,130
10137,130
10138,130
10139,130
10140,130
10141,130
10142,130
10143,130
10144,130
10145,130
10146,130
10147,130
10148,130
10149,130
10150,130
10151,130
10152,130
10153,130
10154,130
10155,130
10156,130
10157,130
10158,130
10159,130
10160,130
10161,130
10162,130
10163,130
10164,130
10165,130
10166,130
10167,130
10168,130
10169,130
10170,130
10171,130
10172,130
10173,130
10174,130
10175,130
10176,130
10177,130
10178,130
10179,130
10180,130
10181,130
10182,130
10183,130
10184,130
10185,130
10186,130
10187,130
10188,130
10189,130
10190,130
10191,130
10192,130
10193,130
10194,130
10195,130
10196,130
10197,130
10198,130
10199,130
10200,130
10201,130
10202,130
10203,130
10204,130
10205,130
10206,130
10207,130
10208,130
10209,130
10210,130
10211,130
10212,130
10213,130
10214,130
10215,130
10216,130
10217,130
10218,130
10219,130
10220,130
10221,130
10222,130
10223,130
10224,130
10225,130
10226,130
10227,130
10228,130
10229,130
10230,130
10231,130
10232,130
10233,130
10234,130
10235,130
10236,130
10237,130
10238,130
10239,130
10240,130
10241,130
10242,130
10243,130
10244,130
10245,130
10246,130
10247,130
10248,130
10249,130
10250,130
10251,130
10252,130
10253,130
10254,130
10255,130
10256,130
10257,130
10258,130
10259,130
10260,130
10261,130
10262,130
10263,130
10264,130
10265,130
10266,130
10267,130
10268,130
10269,130
10270,130
10271,130
10272,130
10273,130
10274,130
10275,130
10276,130
10277,130
10278,130
10279,130
10280,130
10281,130
10282,130
10283,130
10284,130
10285,130
10286,130
10287,130
10288,130
10289,130
10290,130
10291,130
10292,130
10293,130
10294,130
10295,130
10296,130
10297,130
10298,130
10299,130
10300,130
10301,130
10302,130
10303,130
10304,130
10305,130
10306,130
10307,130
10308,130
10309,130
10310,130
10311,130
10312,130
10313,130
10314,130
10315,130
10316,130
10317,130
10318,130
10319,130
10320,130
10321,130
10322,130
10323,130
10324,130
10325,130
10326,130
10327,130
10328,130
10329,130
10330,130
10331,130
10332,130
10333,130
10334,130
10335,130
10336,130
10337,130
10338,130
10339,130
10340,130
10341,130
10342,130
10343,130
10344,130
10345,130
10346,130
10347,130
10348,130
10349,130
10350,130
10351,130
10352,130
10353,130
10354,130
10355,130
10356,130
10357,130
10358,130
10359,130
10360,130
10361,130
10362,130
10363,130
10364,130
10365,130
10366,130
10367,130
10368,130
10369,130
10370,130
10371,130
10372,130
10373,130
10374,130
10375,130
10376,130
10377,130
10378,130
10379,130
10380,130
10381,130
10382,130
10383,130
10384,130
10385,130
10386,130
10387,130
10388,130
10389,130
10390,130
10391,130
10392,130
10393,130
10394,130
10395,130
10396,130
10397,130
10398,130
10399,130
10400,130
10401,130
10402,130
10403,130
10404,130
10405,130
10406,130
10407,130
10408,130
10409,130
10410,130
10411,130
10412,130
10413,130
10414,130
10415,130
10416,130
10417,130
10418,130
10419,130
10420,130
10421,130
10422,130
10423,130
10424,130
10425,130
10426,130
10427,130
10428,130
10429,130
10430,130
10431,130
10432,130
10433,130
10434,130
10435,130
10436,130
10437,130
10438,130
10439,130
10440,130
10441,130
10442,130
10443,130
10444,130
10445,130
10446,130
10447,130
10448,130
10449,130
10450,130
10451,130
10452,130
10453,130
10454,130
10455,130
10456,130
10457,130
10458,130
10459,130
10460,130
10461,130
10462,130
10463,130
10464,130
10465,130
10466,130
10467,130
10468,130
10469,130
10470,130
10471,130
10472,130
10473,130
10474,130
10475,130
10476,130
10477,130
10478,130
10479,130
10480,130
10481,130
10482,130
10483,130
10484,130
10485,130
10486,130
10487,130
10488,130
10489,130
10490,130
10491,130
10492,130
10493,130
10494,130
10495,130
10496,130
10497,130
10498,130
10499,130
10500,130
10501,130
10502,130
10503,130
10504,130
10505,130
10506,130
10507,130
10508,130
10509,130
10510,130
10511,130
10512,130
10513,130
10514,130
10515,130
10516,130
10517,130
10518,130
10519,130
10520,130
10521,130
10522,130
10523,130
10524,130
10525,130
10526,130
10527,130
10528,130
10529,130
10530,130
10531,130
10532,130
10533,130
10534,130
10535,130
10536,130
10537,130
10538,130
10539,130
10540,130
10541,130
10542,130
10543,130
10544,130
10545,130
10546,130
10547,130
10548,130
10549,130
10550,130
10551,130
10552,130
10553,130
10554,130
10555,130
10556,130
10557,130
10558,130
10559,130
10560,130
10561,130
10562,130
10563,130
10564,130
10565,130
10566,130
10567,130
10568,130
10569,130
10570,130
10571,130
10572,130
10573,130
10574,130
10575,130
10576,130
10577,130
10578,130
10579,130
10580,130
10581,130
10582,130
10583,130
10584,130
10585,130
10586,130
10587,130
10588,130
10589,130
10590,130
10591,130
10592,130
10593,130
10594,130
10595,130
10596,130
10597,130
10598,130
10599,130
10600,130
10601,130
10602,130
10603,130
10604,130
10605,130
10606,130
10607,130
10608,130
10609,130
10610,130
10611,130
10612,130
10613,130
10614,130
10615,130
10616,130
10617,130
10618,130
10619,130
10620,130
10621,130
10622,130
10623,130
10624,130
10625,130
10626,130
10627,130
10628,130
10629,130
10630,130
10631,130
10632,130
10633,130
10634,130
10635,130
10636,130
10637,130
10638,130
10639,130
10640,130
10641,130
10642,130
10643,130
10644,130
10645,130
10646,130
10647,130
10648,130
10649,130
10650,130
10651,130
10652,130
10653,130
10654,130
10655,130
10656,130
10657,130
10658,130
10659,130
10660,130
10661,130
10662,130
10663,130
10664,130
10665,130
10666,130
10667,130
10668,130
10669,130
10670,130
10671,130
10672,130
10673,130
10674,130
10675,130
10676,130
10677,130
10678,130
10679,130
10680,130
10681,130
10682,130
10683,130
10684,130
10685,130
10686,130
10687,130
10688,130
10689,130
10690,130
10691,130
10692,130
10693,130
10694,130
10695,130
10696,130
10697,130
10698,130
10699,130
10700,130
10701,130
10702,130
10703,130
10704,130
10705,130
10706,130
10707,130
10708,130
10709,130
10710,130
10711,130
10712,130
10713,130
10714,130
10715,130
10716,130
10717,130
10718,130
10719,130
10720,130
10721,130
10722,130
10723,130
10724,130
10725,130
10726,130
10727,130
10728,130
10729,130
10730,130
10731,130
10732,130
10733,130
10734,130
10735,130
10736,130
10737,130
10738,130
10739,130
10740,130
10741,130
10742,130
10743,130
10744,130
10745,130
10746,130
10747,130
10748,130
10749,130
10750,130
10751,130
10752,130
10753,130
10754,130
10755,130
10756,130
10757,130
10758,130
10759,130
10760,130
10761,130
10762,130
10763,130
10764,130
10765,130
10766,130
10767,130
10768,130
10769,130
10770,130
10771,130
10772,130
10773,130
10774,130
10775,130
10776,130
10777,130
10778,130
10779,130
10780,130
10781,130
10782,130
10783,130
10784,130
10785,130
10786,130
10787,130
10788,130
10789,130
10790,130
10791,130
10792,130
10793,130
10794,130
10795,130
10796,130
10797,130
10798,130
10799,130
10800,130
10801,130
10802,130
10803,130
10804,130
10805,130
10806,130
10807,130
10808,130
10809,130
10810,130
10811,130
10812,130
10813,130
10814,130
10815,130
10816,130
10817,130
10818,130
10819,130
10820,130
10821,130
10822,130
10823,130
10824,130
10825,130
10826,130
10827,130
10828,130
10829,130
10830,130
10831,130
10832,130
10833,130
10834,130
10835,130
10836,130
10837,130
10838,130
10839,130
10840,130
10841,130
10842,130
10843,130
10844,130
10845,130
10846,130
10847,130
10848,130
10849,130
10850,130
10851,130
10852,130
10853,130
10854,130
10855,130
10856,130
10857,130
10858,130
10859,130
10860,130
10861,130
10862,130
10863,130
10864,130
10865,130
10866,130
10867,130
10868,130
10869,130
10870,130
10871,130
10872,130
10873,130
10874,130
10875,130
10876,130
10877,130
10878,130
10879,130
10880,130
10881,130
10882,130
10883,130
10884,130
10885,130
10886,130
10887,130
10888,130
10889,130
10890,130
10891,130
10892,130
10893,130
10894,130
10895,130
10896,130
10897,130
10898,130
10899,130
10900,130
10901,130
10902,130
10903,130
10904,130
10905,130
10906,130
10907,130
10908,130
10909,130
10910,130
10911,130
10912,130
10913,130
10914,130
10915,130
10916,130
10917,130
10918,130
10919,130
10920,130
10921,130
10922,130
10923,130
10924,130
10925,130
10926,130
10927,130
10928,130
10929,130
10930,130
10931,130
10932,130
10933,130
10934,130
10935,130
10936,130
10937,130
10938,130
10939,130
10940,130
10941,130
10942,130
10943,130
10944,130
10945,130
10946,130
10947,130
10948,130
10949,130
10950,130
10951,130
10952,130
10953,130
10954,130
10955,130
10956,130
10957,130
10958,130
10959,130
10960,130
10961,130
10962,130
10963,130
10964,130
10965,130
10966,130
10967,130
10968,130
10969,130
10970,130
10971,130
10972,130
10973,130
10974,130
10975,130
10976,130
10977,130
10978,130
10979,130
10980,130
10981,130
10982,130
10983,130
10984,130
10985,130
10986,130
10987,130
10988,130
10989,130
10990,130
10991,130
10992,130
10993,130
10994,130
10995,130
10996,130
10997,130
10998,130
10999,130
11000,130
11001,130
11002,130
11003,130
11004,130
11005,130
11006,130
11007,130
11008,130
11009,130
11010,130
11011,130
11012,130
11013,130
11014,130
11015,130
11016,130
11017,130
11018,130
11019,130
11020,130
11021,130
11022,130
11023,130
11024,130
11025,130
11026,130
11027,130
11028,130
11029,130
11030,130
11031,130
11032,130
11033,130
11034,130
11035,130
11036,130
11037,130
11038,130
11039,130
11040,130
11041,130
11042,130
11043,130
11044,130
11045,130
11046,130
11047,130
11048,130
11049,130
11050,130
11051,130
11052,130
11053,130
11054,130
11055,130
11056,130
11057,130
11058,130
11059,130
11060,130
11061,130
11062,130
11063,130
11064,130
11065,130
11066,130
11067,130
11068,130
11069,130
11070,130
11071,130
11072,130
11073,130
11074,130
11075,130
11076,130
11077,130
11078,130
11079,130
11080,130
11081,130
11082,130
11083,130
11084,130
11085,130
11086,130
11087,130
11088,130
11089,130
11090,130
11091,130
11092,130
11093,130
11094,130
11095,130
11096,130
11097,130
11098,130
11099,130
11100,130
11101,130
11102,130
11103,130
11104,130
11105,130
11106,130
11107,130
11108,130
11109,130
11110,130
11111,130
11112,130
11113,130
11114,130
11115,130
11116,130
11117,130
11118,130
11119,130
11120,130
11121,130
11122,130
11123,130
11124,130
11125,130
11126,130
11127,130
11128,130
11129,130
11130,130
11131,130
11132,130
11133,130
11134,130
11135,130
11136,130
11137,130
11138,130
11139,130
11140,130
11141,130
11142,130
11143,130
11144,130
11145,130
11146,130
11147,130
11148,130
11149,130
11150,130
11151,130
11152,130
11153,130
11154,130
11155,130
11156,130
11157,130
11158,130
11159,130
11160,130
11161,130
11162,130
11163,130
11164,130
11165,130
11166,130
11167,130
11168,130
11169,130
11170,130
11171,130
11172,130
11173,130
11174,130
11175,130
11176,130
11177,130
11178,130
11179,130
11180,130
11181,130
11182,130
11183,130
11184,130
11185,130
11186,130
11187,130
11188,130
11189,130
11190,130
11191,130
11192,130
11193,130
11194,130
11195,130
11196,130
11197,130
11198,130
11199,130
11200,130
11201,130
11202,130
11203,130
11204,130
11205,130
11206,130
11207,130
11208,130
11209,130
11210,130
11211,130
11212,130
11213,130
11214,130
11215,130
11216,130
11217,130
11218,130
11219,130
11220,130
11221,130
11222,130
11223,130
11224,130
11225,130
11226,130
11227,130
11228,130
11229,130
11230,130
11231,130
11232,130
11233,130
11234,130
11235,130
11236,130
11237,130
11238,130
11239,130
11240,130
11241,130
11242,130
11243,130
11244,130
11245,130
11246,130
11247,130
11248,130
11249,130
11250,130
11251,130
11252,130
11253,130
11254,130
11255,130
11256,130
11257,130
11258,130
11259,130
11260,130
11261,130
11262,130
11263,130
11264,130
11265,130
11266,130
11267,130
11268,130
11269,130
11270,130
11271,130
11272,130
11273,130
11274,130
11275,130
11276,130
11277,130
11278,130
11279,130
11280,130
11281,130
11282,130
11283,130
11284,130
11285,130
11286,130
11287,130
11288,130
11289,130
11290,130
11291,130
11292,130
11293,130
11294,130
11295,130
11296,130
11297,130
11298,130
11299,130
11300,130
11301,130
11302,130
11303,130
11304,130
11305,130
11306,130
11307,130
11308,130
11309,130
11310,130
11311,130
11312,130
11313,130
11314,130
11315,130
11316,130
11317,130
11318,130
11319,130
11320,130
11321,130
11322,130
11323,130
11324,130
11325,130
11326,130
11327,130
11328,130
11329,130
11330,130
11331,130
11332,130
11333,130
11334,130
11335,130
11336,130
11337,130
11338,130
11339,130
11340,130
11341,130
11342,130
11343,130
11344,130
11345,130
11346,130
11347,130
11348,130
11349,130
11350,130
11351,130
11352,130
11353,130
11354,130
11355,130
11356,130
11357,130
11358,130
11359,130
11360,130
11361,130
11362,130
11363,130
11364,130
11365,130
11366,130
11367,130
11368,130
11369,130
11370,130
11371,130
11372,130
11373,130
11374,130
11375,130
11376,130
11377,130
11378,130
11379,130
11380,130
11381,130
11382,130
11383,130
11384,130
11385,130
11386,130
11387,130
11388,130
11389,130
11390,130
11391,130
11392,130
11393,130
11394,130
11395,130
11396,130
11397,130
11398,130
11399,130
11400,130
11401,130
11402,130
11403,130
11404,130
11405,130
11406,130
11407,130
11408,130
11409,130
11410,130
11411,130
11412,130
11413,130
11414,130
11415,130
11416,130
11417,130
11418,130
11419,130
11420,130
11421,130
11422,130
11423,130
11424,130
11425,130
11426,130
11427,130
11428,130
11429,130
11430,130
11431,130
11432,130
11433,130
11434,130
11435,130
11436,130
11437,130
11438,130
11439,130
11440,130
11441,130
11442,130
11443,130
11444,130
11445,130
11446,130
11447,130
11448,130
11449,130
11450,130
11451,130
11452,130
11453,130
11454,130
11455,130
11456,130
11457,130
11458,130
11459,130
11460,130
11461,130
11462,130
11463,130
11464,130
11465,130
11466,130
11467,130
11468,130
11469,130
11470,130
11471,130
11472,130
11473,130
11474,130
11475,130
11476,130
11477,130
11478,130
11479,130
11480,130
11481,130
11482,130
11483,130
11484,130
11485,130
11486,130
11487,130
11488,130
11489,130
11490,130
11491,130
11492,130
11493,130
11494,130
11495,130
11496,130
11497,130
11498,130
11499,130
11500,130
11501,130
11502,130
11503,130
11504,130
11505,130
11506,130
11507,130
11508,130
11509,130
11510,130
11511,130
11512,130
11513,130
11514,130
11515,130
11516,130
11517,130
11518,130
11519,130
11520,130
11521,130
11522,130
11523,130
11524,130
11525,130
11526,130
11527,130
11528,130
11529,130
11530,130
11531,130
11532,130
11533,130
11534,130
11535,130
11536,130
11537,130
11538,130
11539,130
11540,130
11541,130
11542,130
11543,130
11544,130
11545,130
11546,130
11547,130
11548,130
11549,130
11550,130
11551,130
11552,130
11553,130
11554,130
11555,130
11556,130
11557,130
11558,130
11559,130
11560,130
11561,130
11562,130
11563,130
11564,130
11565,130
11566,130
11567,130
11568,130
11569,130
11570,130
11571,130
11572,130
11573,130
11574,130
11575,130
11576,130
11577,130
11578,130
11579,130
11580,130
11581,130
11582,130
11583,130
11584,130
11585,130
11586,130
11587,130
11588,130
11589,130
11590,130
11591,130
11592,130
11593,130
11594,130
11595,130
11596,130
11597,130
11598,130
11599,130
11600,130
11601,130
11602,130
11603,130
11604,130
11605,130
11606,130
11607,130
11608,130
11609,130
11610,130
11611,130
11612,130
11613,130
11614,130
11615,130
11616,130
11617,130
11618,130
11619,130
11620,130
11621,130
11622,130
11623,130
11624,130
11625,130
11626,130
11627,130
11628,130
11629,130
11630,130
11631,130
11632,130
11633,130
11634,130
11635,130
11636,130
11637,130
11638,130
11639,130
11640,130
11641,130
11642,130
11643,130
11644,130
11645,130
11646,130
11647,130
11648,130
11649,130
11650,130
11651,130
11652,130
11653,130
11654,130
11655,130
11656,130
11657,130
11658,130
11659,130
11660,130
11661,130
11662,130
11663,130
11664,130
11665,130
11666,130
11667,130
11668,130
11669,130
11670,130
11671,130
11672,130
11673,130
11674,130
11675,130
11676,130
11677,130
11678,130
11679,130
11680,130
11681,130
11682,130
11683,130
11684,130
11685,130
11686,130
11687,130
11688,130
11689,130
11690,130
11691,130
11692,130
11693,130
11694,130
11695,130
11696,130
11697,130
11698,130
11699,130
11700,130
11701,130
11702,130
11703,130
11704,130
11705,130
11706,130
11707,130
11708,130
11709,130
11710,130
11711,130
11712,130
11713,130
11714,130
11715,130
11716,130
11717,130
11718,130
11719,130
11720,130
11721,130
11722,130
11723,130
11724,130
11725,130
11726,130
11727,130
11728,130
11729,130
11730,130
11731,130
11732,130
11733,130
11734,130
11735,130
11736,130
11737,130
11738,130
11739,130
11740,130
11741,130
11742,130
11743,130
11744,130
11745,130
11746,130
11747,130
11748,130
11749,130
11750,130
11751,130
11752,130
11753,130
11754,130
11755,130
11756,130
11757,130
11758,130
11759,130
11760,130
11761,130
11762,130
11763,130
11764,130
11765,130
11766,130
11767,130
11768,130
11769,130
11770,130
11771,130
11772,130
11773,130
11774,130
11775,130
11776,130
11777,130
11778,130
11779,130
11780,130
11781,130
11782,130
11783,130
11784,130
11785,130
11786,130
11787,130
11788,130
11789,130
11790,130
11791,130
11792,130
11793,130
11794,130
11795,130
11796,130
11797,130
11798,130
11799,130
11800,130
11801,130
11802,130
11803,130
11804,130
11805,130
11806,130
11807,130
11808,130
11809,130
11810,130
11811,130
11812,130
11813,130
11814,130
11815,130
11816,130
11817,130
11818,130
11819,130
11820,130
11821,130
11822,130
11823,130
11824,130
11825,130
11826,130
11827,130
11828,130
11829,130
11830,130
11831,130
11832,130
11833,130
11834,130
11835,130
11836,130
11837,130
11838,130
11839,130
11840,130
11841,130
11842,130
11843,130
11844,130
11845,130
11846,130
11847,130
11848,130
11849,130
11850,130
11851,130
11852,130
11853,130
11854,130
11855,130
11856,130
11857,130
11858,130
11859,130
11860,130
11861,130
11862,130
11863,130
11864,130
11865,130
11866,130
11867,130
11868,130
11869,130
11870,130
11871,130
11872,130
11873,130
11874,130
11875,130
11876,130
11877,130
11878,130
11879,130
11880,130
11881,130
11882,130
11883,130
11884,130
11885,130
11886,130
11887,130
11888,130
11889,130
11890,130
11891,130
11892,130
11893,130
11894,130
11895,130
11896,130
11897,130
11898,130
11899,130
11900,130
11901,130
11902,130
11903,130
11904,130
11905,130
11906,130
11907,130
11908,130
11909,130
11910,130
11911,130
11912,130
11913,130
11914,130
11915,130
11916,130
11917,130
11918,130
11919,130
11920,130
11921,130
11922,130
11923,130
11924,130
11925,130
11926,130
11927,130
11928,130
11929,130
11930,130
11931,130
11932,130
11933,130
11934,130
11935,130
11936,130
11937,130
11938,130
11939,130
11940,130
11941,130
11942,130
11943,130
11944,130
11945,130
11946,130
11947,130
11948,130
11949,130
11950,130
11951,130
11952,130
11953,130
11954,130
11955,130
11956,130
11957,130
11958,130
11959,130
11960,130
11961,130
11962,130
11963,130
11964,130
11965,130
11966,130
11967,130
11968,130
11969,130
11970,130
11971,130
11972,130
11973,130
11974,130
11975,130
11976,130
11977,130
11978,130
11979,130
11980,130
11981,130
11982,130
11983,130
11984,130
11985,130
11986,130
11987,130
11988,130
11989,130
11990,130
11991,130
11992,130
11993,130
11994,130
11995,130
11996,130
11997,130
11998,130
11999,130
12000,130
12001,130
12002,130
12003,130
12004,130
12005,130
12006,130
12007,130
12008,130
12009,130
12010,130
12011,130
12012,130
12013,130
12014,130
12015,130
12016,130
12017,130
12018,130
12019,130
12020,130
12021,130
12022,130
12023,130
12024,130
12025,130
12026,130
12027,130
12028,130
12029,130
12030,130
12031,130
12032,130
12033,130
12034,130
12035,130
12036,130
12037,130
12038,130
12039,130
12040,130
12041,130
12042,130
12043,130
12044,130
12045,130
12046,130
12047,130
12048,130
12049,130
12050,130
12051,130
12052,130
12053,130
12054,130
12055,130
12056,130
12057,130
12058,130
12059,130
12060,130
12061,130
12062,130
12063,130
12064,130
12065,130
12066,130
12067,130
12068,130
12069,130
12070,130
12071,130
12072,130
12073,130
12074,130
12075,130
12076,130
12077,130
12078,130
12079,130
12080,130
12081,130
12082,130
12083,130
12084,130
12085,130
12086,130
12087,130
12088,130
12089,130
12090,130
12091,130
12092,130
12093,130
12094,130
12095,130
12096,130
12097,130
12098,130
12099,130
12100,130
12101,130
12102,130
12103,130
12104,130
12105,130
12106,130
12107,130
12108,130
12109,130
12110,130
12111,130
12112,130
12113,130
12114,130
12115,130
12116,130
12117,130
12118,130
12119,130
12120,130
12121,130
12122,130
12123,130
12124,130
12125,130
12126,130
12127,130
12128,130
12129,130
12130,130
12131,130
12132,130
12133,130
12134,130
12135,130
12136,130
12137,130
12138,130
12139,130
12140,130
12141,130
12142,130
12143,130
12144,130
12145,130
12146,130
12147,130
12148,130
12149,130
12150,130
12151,130
12152,130
12153,130
12154,130
12155,130
12156,130
12157,130
12158,130
12159,130
12160,130
12161,130
12162,130
12163,130
12164,130
12165,130
12166,130
12167,130
12168,130
12169,130
12170,130
12171,130
12172,130
12173,130
12174,130
12175,130
12176,130
12177,130
12178,130
12179,130
12180,130
12181,130
12182,130
12183,130
12184,130
12185,130
12186,130
12187,130
12188,130
12189,130
12190,130
12191,130
12192,130
12193,130
12194,130
12195,130
12196,130
12197,130
12198,130
12199,130
12200,130
12201,130
12202,130
12203,130
12204,130
12205,130
12206,130
12207,130
12208,130
12209,130
12210,130
12211,130
12212,130
12213,130
12214,130
12215,130
12216,130
12217,130
12218,130
12219,130
12220,130
12221,130
12222,130
12223,130
12224,130
12225,130
12226,130
12227,130
12228,130
12229,130
12230,130
12231,130
12232,130
12233,130
12234,130
12235,130
12236,130
12237,130
12238,130
12239,130
12240,130
12241,130
12242,130
12243,130
12244,130
12245,130
12246,130
12247,130
12248,130
12249,130
12250,130
12251,130
12252,130
12253,130
12254,130
12255,130
12256,130
12257,130
12258,130
12259,130
12260,130
12261,130
12262,130
12263,130
12264,130
12265,130
12266,130
12267,130
12268,130
12269,130
12270,130
12271,130
12272,130
12273,130
12274,130
12275,130
12276,130
12277,130
12278,130
12279,130
12280,130
12281,130
12282,130
12283,130
12284,130
12285,130
12286,130
12287,130
12288,130
12289,130
12290,130
12291,130
12292,130
12293,130
12294,130
12295,130
12296,130
12297,130
12298,130
12299,130
12300,130
12301,130
12302,130
12303,130
12304,130
12305,130
12306,130
12307,130
12308,130
12309,130
12310,130
12311,130
12312,130
12313,130
12314,130
12315,130
12316,130
12317,130
12318,130
12319,130
12320,130
12321,130
12322,130
12323,130
12324,130
12325,130
12326,130
12327,130
12328,130
12329,130
12330,130
12331,130
12332,130
12333,130
12334,130
12335,130
12336,130
12337,130
12338,130
12339,130
12340,130
12341,130
12342,130
12343,130
12344,130
12345,130
12346,130
12347,130
12348,130
12349,130
12350,130
12351,130
12352,130
12353,130
12354,130
12355,130
12356,130
12357,130
12358,130
12359,130
12360,130
12361,130
12362,130
12363,130
12364,130
12365,130
12366,130
12367,130
12368,130
12369,130
12370,130
12371,130
12372,130
12373,130
12374,130
12375,130
12376,130
12377,130
12378,130
12379,130
12380,130
12381,130
12382,130
12383,130
12384,130
12385,130
12386,130
12387,130
12388,130
12389,130
12390,130
12391,130
12392,130
12393,130
12394,130
12395,130
12396,130
12397,130
12398,130
12399,130
12400,130
12401,130
12402,130
12403,130
12404,130
12405,130
12406,130
12407,130
12408,130
12409,130
12410,130
12411,130
12412,130
12413,130
12414,130
12415,130
12416,130
12417,130
12418,130
12419,130
12420,130
12421,130
12422,130
12423,130
12424,130
12425,130
12426,130
12427,130
12428,130
12429,130
12430,130
12431,130
12432,130
12433,130
12434,130
12435,130
12436,130
12437,130
12438,130
12439,130
12440,130
12441,130
12442,130
12443,130
12444,130
12445,130
12446,130
12447,130
12448,130
12449,130
12450,130
12451,130
12452,130
12453,130
12454,130
12455,130
12456,130
12457,130
12458,130
12459,130
12460,130
12461,130
12462,130
12463,130
12464,130
12465,130
12466,130
12467,130
12468,130
12469,130
12470,130
12471,130
12472,130
12473,130
12474,130
12475,130
12476,130
12477,130
12478,130
12479,130
12480,130
12481,130
12482,130
12483,130
12484,130
12485,130
12486,130
12487,130
12488,130
12489,130
12490,130
12491,130
12492,130
12493,130
12494,130
12495,130
12496,130
12497,130
12498,130
12499,130
12500,130
12501,130
12502,130
12503,130
12504,130
12505,130
12506,130
12507,130
12508,130
12509,130
12510,130
12511,130
12512,130
12513,130
12514,130
12515,130
12516,130
12517,130
12518,130
12519,130
12520,130
12521,130
12522,130
12523,130
12524,130
12525,130
12526,130
12527,130
12528,130
12529,130
12530,130
12531,130
12532,130
12533,130
12534,130
12535,130
12536,130
12537,130
12538,130
12539,130
12540,130
12541,130
12542,130
12543,130
12544,130
12545,130
12546,130
12547,130
12548,130
12549,130
12550,130
12551,130
12552,130
12553,130
12554,130
12555,130
12556,130
12557,130
12558,130
12559,130
12560,130
12561,130
12562,130
12563,130
12564,130
12565,130
12566,130
12567,130
12568,130
12569,130
12570,130
12571,130
12572,130
12573,130
12574,130
12575,130
12576,130
12577,130
12578,130
12579,130
12580,130
12581,130
12582,130
12583,130
12584,130
12585,130
12586,130
12587,130
12588,130
12589,130
12590,130
12591,130
12592,130
12593,130
12594,130
12595,130
12596,130
12597,130
12598,130
12599,130
12600,130
12601,130
12602,130
12603,130
12604,130
12605,130
12606,130
12607,130
12608,130
12609,130
12610,130
12611,130
12612,130
12613,130
12614,130
12615,130
12616,130
12617,130
12618,130
12619,130
12620,130
12621,130
12622,130
12623,130
12624,130
12625,130
12626,130
12627,130
12628,130
12629,130
12630,130
12631,130
12632,130
12633,130
12634,130
12635,130
12636,130
12637,130
12638,130
12639,130
12640,130
12641,130
12642,130
12643,130
12644,130
12645,130
12646,130
12647,130
12648,130
12649,130
12650,130
12651,130
12652,130
12653,130
12654,130
12655,130
12656,130
12657,130
12658,130
12659,130
12660,130
12661,130
12662,130
12663,130
12664,130
12665,130
12666,130
12667,130
12668,130
12669,130
12670,130
12671,130
12672,130
12673,130
12674,130
12675,130
12676,130
12677,130
12678,130
12679,130
12680,130
12681,130
12682,130
12683,130
12684,130
12685,130
12686,130
12687,130
12688,130
12689,130
12690,130
12691,130
12692,130
12693,130
12694,130
12695,130
12696,130
12697,130
12698,130
12699,130
12700,130
12701,130
12702,130
12703,130
12704,130
12705,130
12706,130
12707,130
12708,130
12709,130
12710,130
12711,130
12712,130
12713,130
12714,130
12715,130
12716,130
12717,130
12718,130
12719,130
12720,130
12721,130
12722,130
12723,130
12724,130
12725,130
12726,130
12727,130
12728,130
12729,130
12730,130
12731,130
12732,130
12733,130
12734,130
12735,130
12736,130
12737,130
12738,130
12739,130
12740,130
12741,130
12742,130
12743,130
12744,130
12745,130
12746,130
12747,130
12748,130
12749,130
12750,130
12751,130
12752,130
12753,130
12754,130
12755,130
12756,130
12757,130
12758,130
12759,130
12760,130
12761,130
12762,130
12763,130
12764,130
12765,130
12766,130
12767,130
12768,130
12769,130
12770,130
12771,130
12772,130
12773,130
12774,130
12775,130
12776,130
12777,130
12778,130
12779,130
12780,130
12781,130
12782,130
12783,130
12784,130
12785,130
12786,130
12787,130
12788,130
12789,130
12790,130
12791,130
12792,130
12793,130
12794,130
12795,130
12796,130
12797,130
12798,130
12799,130
12800,130
12801,130
12802,130
12803,130
12804,130
12805,130
12806,130
12807,130
12808,130
12809,130
12810,130
12811,130
12812,130
12813,130
12814,130
12815,130
12816,130
12817,130
12818,130
12819,130
12820,130
12821,130
12822,130
12823,130
12824,130
12825,130
12826,130
12827,130
12828,130
12829,130
12830,130
12831,130
12832,130
12833,130
12834,130
12835,130
12836,130
12837,130
12838,130
12839,130
12840,130
12841,130
12842,130
12843,130
12844,130
12845,130
12846,130
12847,130
12848,130
12849,130
12850,130
12851,130
12852,130
12853,130
12854,130
12855,130
12856,130
12857,130
12858,130
12859,130
12860,130
12861,130
12862,130
12863,130
12864,130
12865,130
12866,130
12867,130
12868,130
12869,130
12870,130
12871,130
12872,130
12873,130
12874,130
12875,130
12876,130
12877,130
12878,130
12879,130
12880,130
12881,130
12882,130
12883,130
12884,130
12885,130
12886,130
12887,130
12888,130
12889,130
12890,130
12891,130
12892,130
12893,130
12894,130
12895,130
12896,130
12897,130
12898,130
12899,130
12900,130
12901,130
12902,130
12903,130
12904,130
12905,130
12906,130
12907,130
12908,130
12909,130
12910,130
12911,130
12912,130
12913,130
12914,130
12915,130
12916,130
12917,130
12918,130
12919,130
12920,130
12921,130
12922,130
12923,130
12924,130
12925,130
12926,130
12927,130
12928,130
12929,130
12930,130
12931,130
12932,130
12933,130
12934,130
12935,130
12936,130
12937,130
12938,130
12939,130
12940,130
12941,130
12942,130
12943,130
12944,130
12945,130
12946,130
12947,130
12948,130
12949,130
12950,130
12951,130
12952,130
12953,130
12954,130
12955,130
12956,130
12957,130
12958,130
12959,130
12960,130
12961,130
12962,130
12963,130
12964,130
12965,130
12966,130
12967,130
12968,130
12969,130
12970,130
12971,130
12972,130
12973,130
12974,130
12975,130
12976,130
12977,130
12978,130
12979,130
12980,130
12981,130
12982,130
12983,130
12984,130
12985,130
12986,130
12987,130
12988,130
12989,130
12990,130
12991,130
12992,130
12993,130
12994,130
12995,130
12996,130
12997,130
12998,130
12999,130
13000,130
13001,130
13002,130
13003,130
13004,130
13005,130
13006,130
13007,130
13008,130
13009,130
13010,130
13011,130
13012,130
13013,130
13014,130
13015,130
13016,130
13017,130
13018,130
13019,130
13020,130
13021,130
13022,130
13023,130
13024,130
13025,130
13026,130
13027,130
13028,130
13029,130
13030,130
13031,130
13032,130
13033,130
13034,130
13035,130
13036,130
13037,130
13038,130
13039,130
13040,130
13041,130
13042,130
13043,130
13044,130
13045,130
13046,130
13047,130
13048,130
13049,130
13050,130
13051,130
13052,130
13053,130
13054,130
13055,130
13056,130
13057,130
13058,130
13059,130
13060,130
13061,130
13062,130
13063,130
13064,130
13065,130
13066,130
13067,130
13068,130
13069,130
13070,130
13071,130
13072,130
13073,130
13074,130
13075,130
13076,130
13077,130
13078,130
13079,130
13080,130
13081,130
13082,130
13083,130
13084,130
13085,130
13086,130
13087,130
13088,130
13089,130
13090,130
13091,130
13092,130
13093,130
13094,130
13095,130
13096,130
13097,130
13098,130
13099,130
13100,130
13101,130
13102,130
13103,130
13104,130
13105,130
13106,130
13107,130
13108,130
13109,130
13110,130
13111,130
13112,130
13113,130
13114,130
13115,130
13116,130
13117,130
13118,130
13119,130
13120,130
13121,130
13122,130
13123,130
13124,130
13125,130
13126,130
13127,130
13128,130
13129,130
13130,130
13131,130
13132,130
13133,130
13134,130
13135,130
13136,130
13137,130
13138,130
13139,130
13140,130
13141,130
13142,130
13143,130
13144,130
13145,130
13146,130
13147,130
13148,130
13149,130
13150,130
13151,130
13152,130
13153,130
13154,130
13155,130
13156,130
13157,130
13158,130
13159,130
13160,130
13161,130
13162,130
13163,130
13164,130
13165,130
13166,130
13167,130
13168,130
13169,130
13170,130
13171,130
13172,130
13173,130
13174,130
13175,130
13176,130
13177,130
13178,130
13179,130
13180,130
13181,130
13182,130
13183,130
13184,130
13185,130
13186,130
13187,130
13188,130
13189,130
13190,130
13191,130
13192,130
13193,130
13194,130
13195,130
13196,130
13197,130
13198,130
13199,130
13200,130
13201,130
13202,130
13203,130
13204,130
13205,130
13206,130
13207,130
13208,130
13209,130
13210,130
13211,130
13212,130
13213,130
13214,130
13215,130
13216,130
13217,130
13218,130
13219,130
13220,130
13221,130
13222,130
13223,130
13224,130
13225,130
13226,130
13227,130
13228,130
13229,130
13230,130
13231,130
13232,130
13233,130
13234,130
13235,130
13236,130
13237,130
13238,130
13239,130
13240,130
13241,130
13242,130
13243,130
13244,130
13245,130
13246,130
13247,130
13248,130
13249,130
13250,130
13251,130
13252,130
13253,130
13254,130
13255,130
13256,130
13257,130
13258,130
13259,130
13260,130
13261,130
13262,130
13263,130
13264,130
13265,130
13266,130
13267,130
13268,130
13269,130
13270,130
13271,130
13272,130
13273,130
13274,130
13275,130
13276,130
13277,130
13278,130
13279,130
13280,130
13281,130
13282,130
13283,130
13284,130
13285,130
13286,130
13287,130
13288,130
13289,130
13290,130
13291,130
13292,130
13293,130
13294,130
13295,130
13296,130
13297,130
13298,130
13299,130
13300,130
13301,130
13302,130
13303,130
13304,130
13305,130
13306,130
13307,130
13308,130
13309,130
13310,130
13311,130
13312,130
13313,130
13314,130
13315,130
13316,130
13317,130
13318,130
13319,130
13320,130
13321,130
13322,130
13323,130
13324,130
13325,130
13326,130
13327,130
13328,130
13329,130
13330,130
13331,130
13332,130
13333,130
13334,130
13335,130
13336,130
13337,130
13338,130
13339,130
13340,130
13341,130
13342,130
13343,130
13344,130
13345,130
13346,130
13347,130
13348,130
13349,130
13350,130
13351,130
13352,130
13353,130
13354,130
13355,130
13356,130
13357,130
13358,130
13359,130
13360,130
13361,130
13362,130
13363,130
13364,130
13365,130
13366,130
13367,130
13368,130
13369,130
13370,130
13371,130
13372,130
13373,130
13374,130
13375,130
13376,130
13377,130
13378,130
13379,130
13380,130
13381,130
13382,130
13383,130
13384,130
13385,130
13386,130
13387,130
13388,130
13389,130
13390,130
13391,130
13392,130
13393,130
13394,130
13395,130
13396,130
13397,130
13398,130
13399,130
13400,130
13401,130
13402,130
13403,130
13404,130
13405,130
13406,130
13407,130
13408,130
13409,130
13410,130
13411,130
13412,130
13413,130
13414,130
13415,130
13416,130
13417,130
13418,130
13419,130
13420,130
13421,130
13422,130
13423,130
13424,130
13425,130
13426,130
13427,130
13428,130
13429,130
13430,130
13431,130
13432,130
13433,130
13434,130
13435,130
13436,130
13437,130
13438,130
13439,130
13440,130
13441,130
13442,130
13443,130
13444,130
13445,130
13446,130
13447,130
13448,130
13449,130
13450,130
13451,130
13452,130
13453,130
13454,130
13455,130
13456,130
13457,130
13458,130
13459,130
13460,130
13461,130
13462,130
13463,130
13464,130
13465,130
13466,130
13467,130
13468,130
13469,130
13470,130
13471,130
13472,130
13473,130
13474,130
13475,130
13476,130
13477,130
13478,130
13479,130
13480,130
13481,130
13482,130
13483,130
13484,130
13485,130
13486,130
13487,130
13488,130
13489,130
13490,130
13491,130
13492,130
13493,130
13494,130
13495,130
13496,130
13497,130
13498,130
13499,130
13500,130
13501,130
13502,130
13503,130
13504,130
13505,130
13506,130
13507,130
13508,130
13509,130
13510,130
13511,130
13512,130
13513,130
13514,130
13515,130
13516,130
13517,130
13518,130
13519,130
13520,130
13521,130
13522,130
13523,130
13524,130
13525,130
13526,130
13527,130
13528,130
13529,130
13530,130
13531,130
13532,130
13533,130
13534,130
13535,130
13536,130
13537,130
13538,130
13539,130
13540,130
13541,130
13542,130
13543,130
13544,130
13545,130
13546,130
13547,130
13548,130
13549,130
13550,130
13551,130
13552,130
13553,130
13554,130
13555,130
13556,130
13557,130
13558,130
13559,130
13560,130
13561,130
13562,130
13563,130
13564,130
13565,130
13566,130
13567,130
13568,130
13569,130
13570,130
13571,130
13572,130
13573,130
13574,130
13575,130
13576,130
13577,130
13578,130
13579,130
13580,130
13581,130
13582,130
13583,130
13584,130
13585,130
13586,130
13587,130
13588,130
13589,130
13590,130
13591,130
13592,130
13593,130
13594,130
13595,130
13596,130
13597,130
13598,130
13599,130
13600,130
13601,130
13602,130
13603,130
13604,130
13605,130
13606,130
13607,130
13608,130
13609,130
13610,130
13611,130
13612,130
13613,130
13614,130
13615,130
13616,130
13617,130
13618,130
13619,130
13620,130
13621,130
13622,130
13623,130
13624,130
13625,130
13626,130
13627,130
13628,130
13629,130
13630,130
13631,130
13632,130
13633,130
13634,130
13635,130
13636,130
13637,130
13638,130
13639,130
13640,130
13641,130
13642,130
13643,130
13644,130
13645,130
13646,130
13647,130
13648,130
13649,130
13650,130
13651,130
13652,130
13653,130
13654,130
13655,130
13656,130
13657,130
13658,130
13659,130
13660,130
13661,130
13662,130
13663,130
13664,130
13665,130
13666,130
13667,130
13668,130
13669,130
13670,130
13671,130
13672,130
13673,130
13674,130
13675,130
13676,130
13677,130
13678,130
13679,130
13680,130
13681,130
13682,130
13683,130
13684,130
13685,130
13686,130
13687,130
13688,130
13689,130
13690,130
13691,130
13692,130
13693,130
13694,130
13695,130
13696,130
13697,130
13698,130
13699,130
13700,130
13701,130
13702,130
13703,130
13704,130
13705,130
13706,130
13707,130
13708,130
13709,130
13710,130
13711,130
13712,130
13713,130
13714,130
13715,130
13716,130
13717,130
13718,130
13719,130
13720,130
13721,130
13722,130
13723,130
13724,130
13725,130
13726,130
13727,130
13728,130
13729,130
13730,130
13731,130
13732,130
13733,130
13734,130
13735,130
13736,130
13737,130
13738,130
13739,130
13740,130
13741,130
13742,130
13743,130
13744,130
13745,130
13746,130
13747,130
13748,130
13749,130
13750,130
13751,130
13752,130
13753,130
13754,130
13755,130
13756,130
13757,130
13758,130
13759,130
13760,130
13761,130
13762,130
13763,130
13764,130
13765,130
13766,130
13767,130
13768,130
13769,130
13770,130
13771,130
13772,130
13773,130
13774,130
13775,130
13776,130
13777,130
13778,130
13779,130
13780,130
13781,130
13782,130
13783,130
13784,130
13785,130
13786,130
13787,130
13788,130
13789,130
13790,130
13791,130
13792,130
13793,130
13794,130
13795,130
13796,130
13797,130
13798,130
13799,130
13800,130
13801,130
13802,130
13803,130
13804,130
13805,130
13806,130
13807,130
13808,130
13809,130
13810,130
13811,130
13812,130
13813,130
13814,130
13815,130
13816,130
13817,130
13818,130
13819,130
13820,130
13821,130
13822,130
13823,130
13824,130
13825,130
13826,130
13827,130
13828,130
13829,130
13830,130
13831,130
13832,130
13833,130
13834,130
13835,130
13836,130
13837,130
13838,130
13839,130
13840,130
13841,130
13842,130
13843,130
13844,130
13845,130
13846,130
13847,130
13848,130
13849,130
13850,130
13851,130
13852,130
13853,130
13854,130
13855,130
13856,130
13857,130
13858,130
13859,130
13860,130
13861,130
13862,130
13863,130
13864,130
13865,130
13866,130
13867,130
13868,130
13869,130
13870,130
13871,130
13872,130
13873,130
13874,130
13875,130
13876,130
13877,130
13878,130
13879,130
13880,130
13881,130
13882,130
13883,130
13884,130
13885,130
13886,130
13887,130
13888,130
13889,130
13890,130
13891,130
13892,130
13893,130
13894,130
13895,130
13896,130
13897,130
13898,130
13899,130
13900,130
13901,130
13902,130
13903,130
13904,130
13905,130
13906,130
13907,130
13908,130
13909,130
13910,130
13911,130
13912,130
13913,130
13914,130
13915,130
13916,130
13917,130
13918,130
13919,130
13920,130
13921,130
13922,130
13923,130
13924,130
13925,130
13926,130
13927,130
13928,130
13929,130
13930,130
13931,130
13932,130
13933,130
13934,130
13935,130
13936,130
13937,130
13938,130
13939,130
13940,130
13941,130
13942,130
13943,130
13944,130
13945,130
13946,130
13947,130
13948,130
13949,130
13950,130
13951,130
13952,130
13953,130
13954,130
13955,130
13956,130
13957,130
13958,130
13959,130
13960,130
13961,130
13962,130
13963,130
13964,130
13965,130
13966,130
13967,130
13968,130
13969,130
13970,130
13971,130
13972,130
13973,130
13974,130
13975,130
13976,130
13977,130
13978,130
13979,130
13980,130
13981,130
13982,130
13983,130
13984,130
13985,130
13986,130
13987,130
13988,130
13989,130
13990,130
13991,130
13992,130
13993,130
13994,130
13995,130
13996,130
13997,130
13998,130
13999,130
14000,130
14001,130
14002,130
14003,130
14004,130
14005,130
14006,130
14007,130
14008,130
14009,130
14010,130
14011,130
14012,130
14013,130
14014,130
14015,130
14016,130
14017,130
14018,130
14019,130
14020,130
14021,130
14022,130
14023,130
14024,130
14025,130
14026,130
14027,130
14028,130
14029,130
14030,130
14031,130
14032,130
14033,130
14034,130
14035,130
14036,130
14037,130
14038,130
14039,130
14040,130
14041,130
14042,130
14043,130
14044,130
14045,130
14046,130
14047,130
14048,130
14049,130
14050,130
14051,130
14052,130
14053,130
14054,130
14055,130
14056,130
14057,130
14058,130
14059,130
14060,130
14061,130
14062,130
14063,130
14064,130
14065,130
14066,130
14067,130
14068,130
14069,130
14070,130
14071,130
14072,130
14073,130
14074,130
14075,130
14076,130
14077,130
14078,130
14079,130
14080,130
14081,130
14082,130
14083,130
14084,130
14085,130
14086,130
14087,130
14088,130
14089,130
14090,130
14091,130
14092,130
14093,130
14094,130
14095,130
14096,130
14097,130
14098,130
14099,130
14100,130
14101,130
14102,130
14103,130
14104,130
14105,130
14106,130
14107,130
14108,130
14109,130
14110,130
14111,130
14112,130
14113,130
14114,130
14115,130
14116,130
14117,130
14118,130
14119,130
14120,130
14121,130
14122,130
14123,130
14124,130
14125,130
14126,130
14127,130
14128,130
14129,130
14130,130
14131,130
14132,130
14133,130
14134,130
14135,130
14136,130
14137,130
14138,130
14139,130
14140,130
14141,130
14142,130
14143,130
14144,130
14145,130
14146,130
14147,130
14148,130
14149,130
14150,130
14151,130
14152,130
14153,130
14154,130
14155,130
14156,130
14157,130
14158,130
14159,130
14160,130
14161,130
14162,130
14163,130
14164,130
14165,130
14166,130
14167,130
14168,130
14169,130
14170,130
14171,130
14172,130
14173,130
14174,130
14175,130
14176,130
14177,130
14178,130
14179,130
14180,130
14181,130
14182,130
14183,130
14184,130
14185,130
14186,130
14187,130
14188,130
14189,130
14190,130
14191,130
14192,130
14193,130
14194,130
14195,130
14196,130
14197,130
14198,130
14199,130
14200,130
14201,130
14202,130
14203,130
14204,130
14205,130
14206,130
14207,130
14208,130
14209,130
14210,130
14211,130
14212,130
14213,130
14214,130
14215,130
14216,130
14217,130
14218,130
14219,130
14220,130
14221,130
14222,130
14223,130
14224,130
14225,130
14226,130
14227,130
14228,130
14229,130
14230,130
14231,130
14232,130
14233,130
14234,130
14235,130
14236,130
14237,130
14238,130
14239,130
14240,130
14241,130
14242,130
14243,130
14244,130
14245,130
14246,130
14247,130
14248,130
14249,130
14250,130
14251,130
14252,130
14253,130
14254,130
14255,130
14256,130
14257,130
14258,130
14259,130
14260,130
14261,130
14262,130
14263,130
14264,130
14265,130
14266,130
14267,130
14268,130
14269,130
14270,130
14271,130
14272,130
14273,130
14274,130
14275,130
14276,130
14277,130
14278,130
14279,130
14280,130
14281,130
14282,130
14283,130
14284,130
14285,130
14286,130
14287,130
14288,130
14289,130
14290,130
14291,130
14292,130
14293,130
14294,130
14295,130
14296,130
14297,130
14298,130
14299,130
14300,130
14301,130
14302,130
14303,130
14304,130
14305,130
14306,130
14307,130
14308,130
14309,130
14310,130
14311,130
14312,130
14313,130
14314,130
14315,130
14316,130
14317,130
14318,130
14319,130
14320,130
14321,130
14322,130
14323,130
14324,130
14325,130
14326,130
14327,130
14328,130
14329,130
14330,130
14331,130
14332,130
14333,130
14334,130
14335,130
14336,130
14337,130
14338,130
14339,130
14340,130
14341,130
14342,130
14343,130
14344,130
14345,130
14346,130
14347,130
14348,130
14349,130
14350,130
14351,130
14352,130
14353,130
14354,130
14355,130
14356,130
14357,130
14358,130
14359,130
14360,130
14361,130
14362,130
14363,130
14364,130
14365,130
14366,130
14367,130
14368,130
14369,130
14370,130
14371,130
14372,130
14373,130
14374,130
14375,130
14376,130
14377,130
14378,130
14379,130
14380,130
14381,130
14382,130
14383,130
14384,130
14385,130
14386,130
14387,130
14388,130
14389,130
14390,130
14391,130
14392,130
14393,130
14394,130
14395,130
14396,130
14397,130
14398,130
14399,130
14400,130
14401,130
14402,130
14403,130
14404,130
14405,130
14406,130
14407,130
14408,130
14409,130
14410,130
14411,130
14412,130
14413,130
14414,130
14415,130
14416,130
14417,130
14418,130
14419,130
14420,130
14421,130
14422,130
14423,130
14424,130
14425,130
14426,130
14427,130
14428,130
14429,130
14430,130
14431,130
14432,130
14433,130
14434,130
14435,130
14436,130
14437,130
14438,130
14439,130
14440,130
14441,130
14442,130
14443,130
14444,130
14445,130
14446,130
14447,130
14448,130
14449,130
14450,130
14451,130
14452,130
14453,130
14454,130
14455,130
14456,130
14457,130
14458,130
14459,130
14460,130
14461,130
14462,130
14463,130
14464,130
14465,130
14466,130
14467,130
14468,130
14469,130
14470,130
14471,130
14472,130
14473,130
14474,130
14475,130
14476,130
14477,130
14478,130
14479,130
14480,130
14481,130
14482,130
14483,130
14484,130
14485,130
14486,130
14487,130
14488,130
14489,130
14490,130
14491,130
14492,130
14493,130
14494,130
14495,130
14496,130
14497,130
14498,130
14499,130
14500,130
14501,130
14502,130
14503,130
14504,130
14505,130
14506,130
14507,130
14508,130
14509,130
14510,130
14511,130
14512,130
14513,130
14514,130
14515,130
14516,130
14517,130
14518,130
14519,130
14520,130
14521,130
14522,130
14523,130
14524,130
14525,130
14526,130
14527,130
14528,130
14529,130
14530,130
14531,130
14532,130
14533,130
14534,130
14535,130
14536,130
14537,130
14538,130
14539,130
14540,130
14541,130
14542,130
14543,130
14544,130
14545,130
14546,130
14547,130
14548,130
14549,130
14550,130
14551,130
14552,130
14553,130
14554,130
14555,130
14556,130
14557,130
14558,130
14559,130
14560,130
14561,130
14562,130
14563,130
14564,130
14565,130
14566,130
14567,130
14568,130
14569,130
14570,130
14571,130
14572,130
14573,130
14574,130
14575,130
14576,130
14577,130
14578,130
14579,130
14580,130
14581,130
14582,130
14583,130
14584,130
14585,130
14586,130
14587,130
14588,130
14589,130
14590,130
14591,130
14592,130
14593,130
14594,130
14595,130
14596,130
14597,130
14598,130
14599,130
14600,130
14601,130
14602,130
14603,130
14604,130
14605,130
14606,130
14607,130
14608,130
14609,130
14610,130
14611,130
14612,130
14613,130
14614,130
14615,130
14616,130
14617,130
14618,130
14619,130
14620,130
14621,130
14622,130
14623,130
14624,130
14625,130
14626,130
14627,130
14628,130
14629,130
14630,130
14631,130
14632,130
14633,130
14634,130
14635,130
14636,130
14637,130
14638,130
14639,130
14640,130
14641,130
14642,130
14643,130
14644,130
14645,130
14646,130
14647,130
14648,130
14649,130
14650,130
14651,130
14652,130
14653,130
14654,130
14655,130
14656,130
14657,130
14658,130
14659,130
14660,130
14661,130
14662,130
14663,130
14664,130
14665,130
14666,130
14667,130
14668,130
14669,130
14670,130
14671,130
14672,130
14673,130
14674,130
14675,130
14676,130
14677,130
14678,130
14679,130
14680,130
14681,130
14682,130
14683,130
14684,130
14685,130
14686,130
14687,130
14688,130
14689,130
14690,130
14691,130
14692,130
14693,130
14694,130
14695,130
14696,130
14697,130
14698,130
14699,130
14700,130
14701,130
14702,130
14703,130
14704,130
14705,130
14706,130
14707,130
14708,130
14709,130
14710,130
14711,130
14712,130
14713,130
14714,130
14715,130
14716,130
14717,130
14718,130
14719,130
14720,130
14721,130
14722,130
14723,130
14724,130
14725,130
14726,130
14727,130
14728,130
14729,130
14730,130
14731,130
14732,130
14733,130
14734,130
14735,130
14736,130
14737,130
14738,130
14739,130
14740,130
14741,130
14742,130
14743,130
14744,130
14745,130
14746,130
14747,130
14748,130
14749,130
14750,130
14751,130
14752,130
14753,130
14754,130
14755,130
14756,130
14757,130
14758,130
14759,130
14760,130
14761,130
14762,130
14763,130
14764,130
14765,130
14766,130
14767,130
14768,130
14769,130
14770,130
14771,130
14772,130
14773,130
14774,130
14775,130
14776,130
14777,130
14778,130
14779,130
14780,130
14781,130
14782,130
14783,130
14784,130
14785,130
14786,130
14787,130
14788,130
14789,130
14790,130
14791,130
14792,130
14793,130
14794,130
14795,130
14796,130
14797,130
14798,130
14799,130
14800,130
14801,130
14802,130
14803,130
14804,130
14805,130
14806,130
14807,130
14808,130
14809,130
14810,130
14811,130
14812,130
14813,130
14814,130
14815,130
14816,130
14817,130
14818,130
14819,130
14820,130
14821,130
14822,130
14823,130
14824,130
14825,130
14826,130
14827,130
14828,130
14829,130
14830,130
14831,130
14832,130
14833,130
14834,130
14835,130
14836,130
14837,130
14838,130
14839,130
14840,130
14841,130
14842,130
14843,130
14844,130
14845,130
14846,130
14847,130
14848,130
14849,130
14850,130
14851,130
14852,130
14853,130
14854,130
14855,130
14856,130
14857,130
14858,130
14859,130
14860,130
14861,130
14862,130
14863,130
14864,130
14865,130
14866,130
14867,130
14868,130
14869,130
14870,130
14871,130
14872,130
14873,130
14874,130
14875,130
14876,130
14877,130
14878,130
14879,130
14880,130
14881,130
14882,130
14883,130
14884,130
14885,130
14886,130
14887,130
14888,130
14889,130
14890,130
14891,130
14892,130
14893,130
14894,130
14895,130
14896,130
14897,130
14898,130
14899,130
14900,130
14901,130
14902,130
14903,130
14904,130
14905,130
14906,130
14907,130
14908,130
14909,130
14910,130
14911,130
14912,130
14913,130
14914,130
14915,130
14916,130
14917,130
14918,130
14919,130
14920,130
14921,130
14922,130
14923,130
14924,130
14925,130
14926,130
14927,130
14928,130
14929,130
14930,130
14931,130
14932,130
14933,130
14934,130
14935,130
14936,130
14937,130
14938,130
14939,130
14940,130
14941,130
14942,130
14943,130
14944,130
14945,130
14946,130
14947,130
14948,130
14949,130
14950,130
14951,130
14952,130
14953,130
14954,130
14955,130
14956,130
14957,130
14958,130
14959,130
14960,130
14961,130
14962,130
14963,130
14964,130
14965,130
14966,130
14967,130
14968,130
14969,130
14970,130
14971,130
14972,130
14973,130
14974,130
14975,130
14976,130
14977,130
14978,130
14979,130
14980,130
14981,130
14982,130
14983,130
14984,130
14985,130
14986,130
14987,130
14988,130
14989,130
14990,130
14991,130
14992,130
14993,130
14994,130
14995,130
14996,130
14997,130
14998,130
14999,130
15000,130
